Value 1,Value 2,Result, 
25,35,0.714285714,
35,45,0.777777778,
45,55,0.818181818,
55,65,0.846153846,
65,75,0.866666667,
75,85,0.882352941,
85,95,0.894736842,
95,105,0.904761905,
